[
    {
        "name": "文件上传弹窗",
        "path": "common-upload",
        "description": "通用上传组件",
        "id": "IpwqpLToRrngfJpzdF7",
        "filePath": "common-upload.json",
        "updateTime": 1725260989024
    },
    {
        "id": "rolasdfadfasdfasde1",
        "name": "表单引擎渲染示例",
        "route": "/init/create",
        "path": "project-init",
        "updateName": "张三",
        "updateTime": 1725093774854,
        "description": "",
        "filePath": "init-create.json"
    },
    {
        "name": "示例模板1-系统自动创建",
        "route": "/表单引擎示例合集/示例模板1",
        "path": "示例模板1",
        "filePath": "表单引擎示例合集-示例模板1-示例模板1.json",
        "id": "dVPqsbHIMj8FslXifZ"
    },
    {
        "name": "示例模板1-系统自动创建",
        "route": "/demos",
        "path": "demo1",
        "filePath": "表单引擎示例合集-示例模板1-demo1.json",
        "id": "PjmRGrn4esdEMqRw03"
    },
    {
        "name": "示例模板2-系统自动创建",
        "route": "/demos",
        "path": "demo2",
        "filePath": "表单引擎示例合集-示例模板2-demo2.json",
        "id": "vbRnkDtWGUFHSxCG8B"
    },
    {
        "name": "示例模板3-系统自动创建",
        "route": "/demos",
        "path": "demo3",
        "filePath": "表单引擎示例合集-示例模板3-demo3.json",
        "id": "EcTo4mV1JZzEkeAt8l"
    },
    {
        "name": "示例模板4-系统自动创建",
        "route": "/demos",
        "path": "demo4-1",
        "filePath": "表单引擎示例合集-示例模板4-demo4-1.json",
        "id": "vzGgatfa8O4uCKhvnW"
    },
    {
        "name": "示例模板4-系统自动创建",
        "route": "/demos",
        "path": "demo4-2",
        "filePath": "表单引擎示例合集-示例模板4-demo4-2.json",
        "id": "3WXUDSJZIqZwh4LYAb"
    },
    {
        "name": "用户管理-系统自动创建",
        "route": "/system/users",
        "path": "users-view",
        "filePath": "system-users-users-view.json",
        "id": "wNPgxu9g82HtT231Xb"
    }
]
