{
    "code": "200",
    "message": "成功",
    "data": {
        "total": 49425,
        "list": [
            {
                "id": "20020291",
                "staffCode": "20020291",
                "name": "11",
                "ownerCom": "NB Plus",
                "orgGroupName": "汽车事业群",
                "orgName": "第十一事业部",
                "deptName": null,
                "onjobStatus": "在职",
                "systemRoleList": ["普通用户"],
                "projectRoleList": []
            },
            {
                "id": "43409",
                "staffCode": "43409",
                "name": "111",
                "ownerCom": "NB Plus",
                "orgGroupName": "IT产业群",
                "orgName": "第四事业部",
                "deptName": null,
                "onjobStatus": "在职",
                "systemRoleList": ["普通用户"],
                "projectRoleList": []
            },
            {
                "id": "10453",
                "staffCode": "10453",
                "name": "1232",
                "ownerCom": "NB Plus",
                "orgGroupName": "IT产业群",
                "orgName": "第四事业部",
                "deptName": null,
                "onjobStatus": "在职",
                "systemRoleList": ["普通用户"],
                "projectRoleList": []
            },
            {
                "id": "00000699",
                "staffCode": "00000699",
                "name": "2024测试",
                "ownerCom": "NB Plus",
                "orgGroupName": "公司职能单位-更名",
                "orgName": "人力资源处",
                "deptName": null,
                "onjobStatus": "在职",
                "systemRoleList": ["普通用户"],
                "projectRoleList": []
            },
            {
                "id": "10348",
                "staffCode": "10348",
                "name": "5251",
                "ownerCom": "NB Plus",
                "orgGroupName": "IT产业群",
                "orgName": "第四事业部",
                "deptName": null,
                "onjobStatus": "在职",
                "systemRoleList": ["普通用户"],
                "projectRoleList": []
            },
            {
                "id": "10439",
                "staffCode": "10439",
                "name": "5252",
                "ownerCom": "NB Plus",
                "orgGroupName": "IT产业群",
                "orgName": "第四事业部",
                "deptName": null,
                "onjobStatus": "在职",
                "systemRoleList": ["普通用户"],
                "projectRoleList": []
            },
            {
                "id": "7535118",
                "staffCode": "7535118",
                "name": "Artit Phothi",
                "ownerCom": "NB Plus",
                "orgGroupName": "公司职能单位-更名",
                "orgName": "品质处",
                "deptName": "西安PQE部",
                "onjobStatus": "在职",
                "systemRoleList": ["普通用户"],
                "projectRoleList": []
            },
            {
                "id": "7218155",
                "staffCode": "7218155",
                "name": "BACOR ARNETHA JOY DUMANHUG",
                "ownerCom": "NB Plus",
                "orgGroupName": "电子事业群",
                "orgName": "业务开发中心",
                "deptName": "成都组装触摸板模组",
                "onjobStatus": "在职",
                "systemRoleList": ["普通用户"],
                "projectRoleList": []
            },
            {
                "id": "7218153",
                "staffCode": "7218153",
                "name": "EUGENE MENDOZA ALVAREZ",
                "ownerCom": "NB Plus",
                "orgGroupName": "电子事业群",
                "orgName": "业务开发中心",
                "deptName": "成都组装触摸板模组",
                "onjobStatus": "在职",
                "systemRoleList": ["普通用户"],
                "projectRoleList": []
            },
            {
                "id": "7296778",
                "staffCode": "7296778",
                "name": "MR Patiphon Sriprasert",
                "ownerCom": "NB Plus",
                "orgGroupName": "汽车事业群",
                "orgName": "NB精工有限公司",
                "deptName": "品质部",
                "onjobStatus": "在职",
                "systemRoleList": ["普通用户"],
                "projectRoleList": []
            }
        ],
        "pageNum": 1,
        "pageSize": 10,
        "size": 10,
        "startRow": 0,
        "endRow": 9,
        "pages": 1,
        "prePage": 0,
        "nextPage": 0,
        "isFirstPage": true,
        "isLastPage": true,
        "hasPreviousPage": false,
        "hasNextPage": false,
        "navigatePages": 8,
        "navigatepageNums": [1],
        "navigateFirstPage": 1,
        "navigateLastPage": 1
    },
    "traceId": "77cf113f6f0847b8be9d336b8efd8c2e"
}
