{
    "code": "200",
    "message": "成功",
    "data": {
        "roleList": [
            { "roleId": "10", "roleName": "事业部法务部门负责人", "roleType": "SYSTEM", "roleCode": null },
            { "roleId": "11", "roleName": "法务部门负责人", "roleType": "SYSTEM", "roleCode": null },
            { "roleId": "15", "roleName": "申请人", "roleType": "PROJECT", "roleCode": null },
            { "roleId": "16", "roleName": "主办律师", "roleType": "PROJECT", "roleCode": null },
            { "roleId": "17", "roleName": "协办律师", "roleType": "PROJECT", "roleCode": null },
            { "roleId": "18", "roleName": "申请事业部参与人", "roleType": "PROJECT", "roleCode": null },
            { "roleId": "19", "roleName": "评审事业部参与人", "roleType": "PROJECT", "roleCode": null },
            { "roleId": "20", "roleName": "评审事业部对接人", "roleType": "PROJECT", "roleCode": null },
            { "roleId": "202956369817071616", "roleName": "开发专用角色", "roleType": "SYSTEM", "roleCode": null },
            { "roleId": "21", "roleName": "合同上传人", "roleType": "PROJECT", "roleCode": null },
            { "roleId": "8", "roleName": "普通用户", "roleType": "SYSTEM", "roleCode": null }
        ],
        "menuList": [
            {
                "id": "223956359135444992",
                "pid": null,
                "route": "/force",
                "icon": "link",
                "type": "MENU",
                "creator": "admin",
                "createTime": "2024-10-11 10:13:31",
                "modifier": "admin",
                "modifyTime": "2025-07-01 10:20:59",
                "dr": 0,
                "sortNum": 10,
                "name": "d3.js力导图",
                "isChecked": null
            },

            {
                "id": "197858065722114048",
                "pid": null,
                "route": "/system",
                "icon": "system-manage",
                "type": "MENU",
                "creator": "编号89757",
                "createTime": "2024-07-31 09:48:13",
                "modifier": "admin",
                "modifyTime": "2025-07-01 10:20:59",
                "dr": 0,
                "sortNum": 17,
                "name": "系统管理",
                "isChecked": null
            },

            {
                "id": "197858846328225792",
                "pid": "197858065722114048",
                "route": "/system/menus",
                "icon": null,
                "type": "MENU",
                "creator": "编号89757",
                "createTime": "2024-07-31 09:51:19",
                "modifier": "admin",
                "modifyTime": "2025-07-01 10:20:59",
                "dr": 0,
                "sortNum": 62,
                "name": "菜单管理",
                "isChecked": null
            },

            {
                "id": "189961929143934976",
                "pid": "197858065722114048",
                "route": "/system/roles",
                "icon": null,
                "type": "MENU",
                "creator": null,
                "createTime": "2024-07-09 14:51:48",
                "modifier": "admin",
                "modifyTime": "2025-07-01 10:20:59",
                "dr": 0,
                "sortNum": 143,
                "name": "角色管理",
                "isChecked": null
            },
            {
                "id": "189961954276204544",
                "pid": "197858065722114048",
                "route": "/system/users",
                "icon": null,
                "type": "MENU",
                "creator": null,
                "createTime": "2024-07-09 14:51:54",
                "modifier": "admin",
                "modifyTime": "2025-07-01 10:20:59",
                "dr": 0,
                "sortNum": 144,
                "name": "用户管理",
                "isChecked": null
            }
        ],
        "userInfo": {
            "staffCode": "admin",
            "unitCode": "803433",
            "name": "admin",
            "mainjobName": "高级软件工程师",
            "mainjobCode": "060192",
            "orgGroupCode": "130003",
            "orgGroupName": "公司职能单位-更名",
            "orgName": "某事业部",
            "orgCode": "100951",
            "factoryCode": null,
            "factoryName": null,
            "centralFactoryCode": null,
            "centralFactoryName": null,
            "deptCode": "802969",
            "deptName": "某事业部下某部门",
            "sectionCode": "803433",
            "sectionName": "某部门某科室",
            "email": "limoumou@xx.com",
            "costCenterCode": "A11315",
            "level": "E",
            "onjobStatus": "在职",
            "workplace": "江阴",
            "leaderCode": "47078",
            "leaderName": " 刘某某",
            "userId": "admin",
            "ownerCom": null
        },
        "currGatewayIpSource": "VPN"
    },
    "traceId": "1477377bd5e74059bf03c8cacf1c12f5"
}
