{
    "code": "200",
    "message": "成功",
    "data": {
        "roleList": [
            { "roleId": "17", "roleName": "协办律师", "isChecked": 0 },
            { "roleId": "18", "roleName": "申请事业部参与人", "isChecked": 0 },
            { "roleId": "19", "roleName": "评审事业部参与人", "isChecked": 0 },
            { "roleId": "20", "roleName": "评审事业部对接人", "isChecked": 0 },
            { "roleId": "16", "roleName": "主办律师", "isChecked": 0 },
            { "roleId": "15", "roleName": "申请人", "isChecked": 0 },
            { "roleId": "21", "roleName": "合同上传人", "isChecked": 0 }
        ],
        "userId": "20020291"
    },
    "traceId": "1d0ecd4c14004ed5b5b37498ac6065b4"
}
