{
    "code": "200",
    "message": "成功",
    "data": [
        {
            "operateUser": "张三",
            "operateTime": "2024-08-08 10:32:27",
            "operateContent": "添加角色测试11,这是一条条条长长长长长长长长长短短长长长长长长长长长长长长长长长长长长长长长长长长长长长长长长长长长;"
        },
        {
            "operateUser": "张三",
            "operateTime": "2024-08-08 13:24:31",
            "operateContent": "取消角色这是一条条条长长长长长长长长长短短长长长长长长长长长长长长长长长长长长长长长长长长长长长长长长长长长;"
        },
        {
            "operateUser": "张三",
            "operateTime": "2024-08-08 13:29:40",
            "operateContent": "添加角色这是一条长长长长长长长长长长长长长长长长长长长长长长长长长长长长长长长长长长长长长长长长长长长长长长;"
        },
        {
            "operateUser": "张三",
            "operateTime": "2024-08-09 15:52:18",
            "operateContent": "取消角色12345678901234567890123456789012345678901234567890;"
        },
        {
            "operateUser": "张三",
            "operateTime": "2024-08-12 17:28:56",
            "operateContent": "添加角色财务部长sqz,咨询部门组长sqz;取消角色普通用户;"
        },
        {
            "operateUser": "张三",
            "operateTime": "2024-08-12 17:45:46",
            "operateContent": "添加角色法务部门组长,流程管理员,财务部出纳sqz;取消角色普通用户;"
        },
        {
            "operateUser": "张三",
            "operateTime": "2024-08-12 19:44:37",
            "operateContent": "取消角色法务部门组长,普通用户,财务部长sqz,流程管理员,咨询部门组长sqz,财务部出纳sqz;"
        },
        {
            "operateUser": "张三",
            "operateTime": "2024-08-13 09:02:19",
            "operateContent": "添加角色流程管理员;取消角色普通用户;"
        },
        { "operateUser": "张三", "operateTime": "2024-08-13 09:03:17", "operateContent": "添加角色财务部长sqz;" },
        {
            "operateUser": "张三",
            "operateTime": "2024-08-13 09:03:30",
            "operateContent": "添加角色财务部出纳sqz;取消角色财务部长sqz,流程管理员;"
        },
        { "operateUser": "张三", "operateTime": "2024-08-13 09:03:42", "operateContent": "取消角色财务部出纳sqz;" }
    ],
    "traceId": "8bd547e23e9540ee95dba5f3a9856430"
}
