{
    "code": "200",
    "message": "成功",
    "data": {
        "total": 29,
        "list": [
            {
                "id": "202956369817071616",
                "name": "开发专用角色",
                "type": "SYSTEM",
                "statues": "1",
                "creator": "张三(编号89757)",
                "modifier": "admin(admin)",
                "modifyTime": "2025-07-01 10:22:41",
                "source": "MAN",
                "enableBtn": null,
                "baseBtn": null,
                "privilageBtn": null,
                "roleUserBtn": null,
                "desc": "忽操作萨芬"
            },
            {
                "id": "17",
                "name": "协办律师",
                "type": "PROJECT",
                "statues": "1",
                "creator": "系统创建",
                "modifier": "admin(admin)",
                "modifyTime": "2025-06-23 10:41:04",
                "source": "SYSTEM",
                "enableBtn": 0,
                "baseBtn": 1,
                "privilageBtn": 1,
                "roleUserBtn": 0,
                "desc": "下班路上111111111111111下班路上111111111111111"
            },
            {
                "id": "18",
                "name": "申请事业部参与人",
                "type": "PROJECT",
                "statues": "1",
                "creator": "系统创建",
                "modifier": "admin(admin)",
                "modifyTime": "2025-06-23 10:41:04",
                "source": "SYSTEM",
                "enableBtn": 0,
                "baseBtn": 1,
                "privilageBtn": 1,
                "roleUserBtn": 0,
                "desc": "下班路上111111111111111"
            },
            {
                "id": "19",
                "name": "评审事业部参与人",
                "type": "PROJECT",
                "statues": "1",
                "creator": "系统创建",
                "modifier": "admin(admin)",
                "modifyTime": "2025-06-23 10:41:04",
                "source": "SYSTEM",
                "enableBtn": 0,
                "baseBtn": 1,
                "privilageBtn": 1,
                "roleUserBtn": 0,
                "desc": "下班路上111111111111111"
            },
            {
                "id": "20",
                "name": "评审事业部对接人",
                "type": "PROJECT",
                "statues": "1",
                "creator": "系统创建",
                "modifier": "admin(admin)",
                "modifyTime": "2025-06-23 10:41:04",
                "source": "SYSTEM",
                "enableBtn": 0,
                "baseBtn": 1,
                "privilageBtn": 1,
                "roleUserBtn": 0,
                "desc": "下班路上111111111111111"
            },
            {
                "id": "16",
                "name": "主办律师",
                "type": "PROJECT",
                "statues": "1",
                "creator": "系统创建",
                "modifier": "张三(编号89757)",
                "modifyTime": "2025-06-04 17:16:42",
                "source": "SYSTEM",
                "enableBtn": 0,
                "baseBtn": 1,
                "privilageBtn": 1,
                "roleUserBtn": 0,
                "desc": "下班路上111111111111111下班路上111111111111111"
            },
            {
                "id": "1",
                "name": "超级管理员",
                "type": "SYSTEM",
                "statues": "1",
                "creator": "系统创建",
                "modifier": "admin(admin)",
                "modifyTime": "2025-06-04 16:56:28",
                "source": "SYSTEM",
                "enableBtn": 0,
                "baseBtn": 0,
                "privilageBtn": 0,
                "roleUserBtn": 1,
                "desc": null
            },
            {
                "id": "15",
                "name": "申请人",
                "type": "PROJECT",
                "statues": "1",
                "creator": "系统创建",
                "modifier": "admin(admin)",
                "modifyTime": "2025-06-04 09:17:54",
                "source": "SYSTEM",
                "enableBtn": 0,
                "baseBtn": 1,
                "privilageBtn": 1,
                "roleUserBtn": 0,
                "desc": "134但是safrewgtzhjklio8gv23v134但是safrewgtzhjklio8gv23v134但是safrewgtzhjklio8gv23v134但是safrewgtzhjklio8gv23v134但是safrewgtzhjklio8gv23v134但是safrewgtzhjklio8gv23v"
            },
            {
                "id": "8",
                "name": "普通用户",
                "type": "SYSTEM",
                "statues": "1",
                "creator": "系统创建",
                "modifier": "admin(admin)",
                "modifyTime": "2025-04-18 11:04:58",
                "source": "SYSTEM",
                "enableBtn": 0,
                "baseBtn": 0,
                "privilageBtn": 1,
                "roleUserBtn": 0,
                "desc": null
            },
            {
                "id": "21",
                "name": "合同上传人",
                "type": "PROJECT",
                "statues": "1",
                "creator": "系统创建",
                "modifier": null,
                "modifyTime": "2025-03-21 15:57:40",
                "source": "SYSTEM",
                "enableBtn": 0,
                "baseBtn": 1,
                "privilageBtn": 1,
                "roleUserBtn": 0,
                "desc": "1下班路上1111111111111111下班路上1111111111111111下班路上1111111111111111下班路上111111111111111"
            }
        ],
        "pageNum": 1,
        "pageSize": 10,
        "size": 10,
        "startRow": 1,
        "endRow": 10,
        "pages": 3,
        "prePage": 0,
        "nextPage": 2,
        "isFirstPage": true,
        "isLastPage": false,
        "hasPreviousPage": false,
        "hasNextPage": true,
        "navigatePages": 8,
        "navigatepageNums": [1, 2, 3],
        "navigateFirstPage": 1,
        "navigateLastPage": 3
    },
    "traceId": "b06e7dbb96344d0eba30a58deb325c78"
}
