{
    "code": "200",
    "message": "成功",
    "data": {
        "total": 4,
        "list": [
            {
                "name": "张三",
                "staffCode": "编号89757",
                "email": "ni.huihui@byd.com",
                "orgName": "某事业部",
                "deptName": "某事业部下某部门",
                "userId": "编号89757"
            },
            {
                "name": "admin",
                "staffCode": "admin",
                "email": "limoumou@xx.com",
                "orgName": "某事业部",
                "deptName": "某事业部下某部门",
                "userId": "admin"
            },
            {
                "name": "李四",
                "staffCode": "编号215",
                "email": "shen.qizi@byd.com",
                "orgName": "某事业部",
                "deptName": "测试运维科",
                "userId": "编号215"
            }
        ],
        "pageNum": 1,
        "pageSize": 10,
        "size": 4,
        "startRow": 1,
        "endRow": 4,
        "pages": 1,
        "prePage": 0,
        "nextPage": 0,
        "isFirstPage": true,
        "isLastPage": true,
        "hasPreviousPage": false,
        "hasNextPage": false,
        "navigatePages": 8,
        "navigatepageNums": [1],
        "navigateFirstPage": 1,
        "navigateLastPage": 1
    },
    "traceId": "2f23797e5c444f2e816297b0e465a028"
}
